{"cameraMode":{"drawMode":0,"name":"Shaded","section":"Shading Mode"},"sceneLighting":false,"audioPlay":false,"sceneViewState":{"m_AlwaysRefresh":false,"showFog":true,"showSkybox":false,"showFlares":true,"showImageEffects":true,"showParticleSystems":true,"showVisualEffectGraphs":true,"m_FxEnabled":true},"in2DMode":false,"pivot":{"x":0.000010609626770019531,"y":1.743128776550293,"z":-0.08105623722076416},"rotation":{"x":0.18784743547439576,"y":-0.020893799141049386,"z":0.0039909700863063339,"w":0.981984555721283},"size":2.1513328552246095,"orthographic":false}