{"cameraMode":{"drawMode":0,"name":"Shaded","section":"Shading Mode"},"sceneLighting":false,"audioPlay":false,"sceneViewState":{"m_AlwaysRefresh":false,"showFog":true,"showSkybox":false,"showFlares":true,"showImageEffects":true,"showParticleSystems":true,"showVisualEffectGraphs":true,"m_FxEnabled":true},"in2DMode":false,"pivot":{"x":0.06319443136453629,"y":1.7799999713897706,"z":1.7200000286102296},"rotation":{"x":0.18784743547439576,"y":-0.020893799141049386,"z":0.0039909700863063339,"w":0.981984555721283},"size":0.8660253882408142,"orthographic":false}