{"cameraMode":{"drawMode":0,"name":"Shaded","section":"Shading Mode"},"sceneLighting":false,"audioPlay":false,"sceneViewState":{"m_AlwaysRefresh":false,"showFog":true,"showSkybox":false,"showFlares":true,"showImageEffects":true,"showParticleSystems":true,"showVisualEffectGraphs":true,"m_FxEnabled":true},"in2DMode":false,"pivot":{"x":0.1483149528503418,"y":2.1255249977111818,"z":-4.76837158203125e-7},"rotation":{"x":0.26541009545326235,"y":-0.1698174774646759,"z":0.047547515481710437,"w":0.9478865265846252},"size":2.1712076663970949,"orthographic":false}